id,first_name,last_name,email,gender
1118,Mathian,Bute,mbute0@qq.com,Male
1195,Rowen,Forsard,rforsard1@usa.gov,Male
1038,Ichabod,Tomkys,itomkys2@amazon.co.jp,Male
1031,Cookie,MacFaul,cmacfaul3@discuz.net,Female
1127,Monroe,Lambell,mlambell4@meetup.com,Male
1053,Chuck,Deadman,cdeadman5@howstuffworks.com,Male
1023,Garrik,Mattingly,gmattingly6@baidu.com,Male
1061,Kelby,Organ,korgan7@independent.co.uk,Male
1171,Katha,Francescone,kfrancescone8@posterous.com,Female
1198,Maura,Moreing,mmoreing9@salon.com,Female
1029,Devin,Polland,dpollanda@adobe.com,Female
1060,Rikki,Coney,rconeyb@twitpic.com,Female
1057,Sidonnie,Frigout,sfrigoutc@plala.or.jp,Female
1008,Herb,Haxby,hhaxbyd@java.com,Male
1083,Cassandra,Halksworth,chalksworthe@usatoday.com,Female
1097,Shoshana,Dufall,sdufallf@nsw.gov.au,Female
1048,Ibbie,Leyborne,ileyborneg@gmpg.org,Female
1093,Christie,Vaan,cvaanh@vk.com,Female
1067,Tymothy,Figgs,tfiggsi@ow.ly,Male
1155,Ian,Dulake,idulakek@freewebs.com,Male
1183,Thatcher,Turley,tturleyl@usa.gov,Male
1004,Cari,Bond,cbondm@answers.com,Female
1058,Adolf,Dickings,adickingsn@cocolog-nifty.com,Male
1178,Torrance,Pargeter,tpargetero@friendfeed.com,Male
1115,Juliane,Uvedale,juvedalep@accuweather.com,Female
1194,Lucine,O'Donnelly,lodonnellyq@xing.com,Female
1040,Bobinette,Doig,bdoigr@netlog.com,Female
1126,Vale,Huey,vhueys@edublogs.org,Male
1142,Curry,Prator,cpratort@hp.com,Male
1100,Arline,Gueny,aguenyu@walmart.com,Female
1003,Laurella,Francom,lfrancomv@reverbnation.com,Female
1197,Harrison,Spoure,hspourew@posterous.com,Male
1034,Isobel,Spottswood,ispottswoodx@gizmodo.com,Female
1074,Claresta,Maile,cmailey@cloudflare.com,Female
1146,Amandie,Lilly,alillyz@squidoo.com,Female
1045,Broderick,Deviney,bdeviney10@biblegateway.com,Male
1193,Ellis,Struijs,estruijs12@wikispaces.com,Male
1164,Denney,Bloxsome,dbloxsome14@edublogs.org,Male
1065,Sheeree,Petrichat,spetrichat17@gmpg.org,Female
1022,Lionel,Janaszkiewicz,ljanaszkiewicz1a@nsw.gov.au,Male
1168,Sauncho,Pilbury,spilbury1b@microsoft.com,Male
1130,Suzanna,MacGovern,smacgovern1c@wired.com,Female
1185,Geno,De Lacey,gdelacey1d@com.com,Male
1135,Ara,Drexel,adrexel1e@blogtalkradio.com,Female
1012,Giralda,Feyer,gfeyer1f@webmd.com,Female
1030,Shelton,Gennerich,sgennerich1h@goo.ne.jp,Male
1039,Johnnie,Branigan,jbranigan1j@github.io,Male
1007,Neilla,Scriven,nscriven1k@microsoft.com,Female
1066,Vanessa,Catcherside,vcatcherside1l@barnesandnoble.com,Female
1165,Carmella,Winfield,cwinfield1m@jiathis.com,Female
1049,Trenna,Parzis,tparzis1n@blogger.com,Female
1151,Ezmeralda,Pentycost,epentycost1r@deviantart.com,Female
1177,Mayer,Pottiphar,mpottiphar1s@amazonaws.com,Male
1014,Becky,Innot,binnot1t@time.com,Female
1070,Perle,Hardistry,phardistry1u@mayoclinic.com,Female
1081,Munroe,Clipson,mclipson1w@narod.ru,Male
1175,Arnoldo,Girdlestone,agirdlestone1x@tumblr.com,Male
1013,Cornell,Sager,csager1y@goo.ne.jp,Male
1124,Trev,Dumbare,tdumbare1z@mtv.com,Male
1077,Venita,Lavarack,vlavarack22@cdc.gov,Female
1152,Demetra,Philipeau,dphilipeau23@yahoo.com,Female
1096,Cassandre,Frigout,cfrigout25@blogspot.com,Female
1145,Michal,Smeaton,msmeaton26@barnesandnoble.com,Male
1035,Pietrek,Machen,pmachen27@sbwire.com,Male
1050,Karalee,Windham,kwindham28@bizjournals.com,Female
1044,Myrtie,McGenis,mmcgenis29@tripod.com,Female
1086,Sanderson,Nystrom,snystrom2a@people.com.cn,Male
1138,Renae,Inkles,rinkles2b@facebook.com,Female
1106,Amaleta,Brumble,abrumble2c@prnewswire.com,Female
1089,Catina,Eymer,ceymer2d@yandex.ru,Female
1187,Wye,Ucceli,wucceli2e@cbsnews.com,Male
1046,Gran,Greenman,ggreenman2f@wikimedia.org,Male
1020,Gisella,Ondrich,gondrich2g@ovh.net,Female
1150,Lemmy,Abele,labele2h@walmart.com,Male
1128,Ransell,Wilce,rwilce2k@economist.com,Male
1107,Parsifal,Cohrs,pcohrs2l@google.ca,Male
1116,Yule,Colleford,ycolleford2n@sourceforge.net,Male
1079,Britte,Revie,brevie2p@yelp.com,Female
1059,Micky,Milsom,mmilsom2q@4shared.com,Female
1062,Emeline,Chipperfield,echipperfield2s@dropbox.com,Female
1016,Hercule,Jurs,hjurs2u@cnbc.com,Male
1092,Sybille,McCurlye,smccurlye2w@businesswire.com,Female
1122,Bernadine,Garoghan,bgaroghan2x@clickbank.net,Female
1144,Sella,Witcherley,switcherley2y@macromedia.com,Female
1103,Johnny,Mathey,jmathey30@weibo.com,Male
1123,Jonas,Nolot,jnolot31@deliciousdays.com,Male
1131,Fritz,Casino,fcasino32@g.co,Male
1033,Benjamin,Lubman,blubman34@psu.edu,Male
1054,Mel,Gegg,mgegg3b@globo.com,Female
1111,Cesar,Gainsburgh,cgainsburgh3d@foxnews.com,Male
1076,Brander,Kedge,bkedge3e@wisc.edu,Male
1080,Hart,Sadlier,hsadlier3h@youtu.be,Male
1018,Lothario,Barstowk,lbarstowk3j@google.com.hk,Male
1139,Analise,Prayer,aprayer3k@cnet.com,Female
1136,Ches,Pawlik,cpawlik3n@reference.com,Male
1120,Kessia,Paireman,kpaireman3o@furl.net,Female
1108,Murdock,Sneezem,msneezem3s@blog.com,Male
1119,Pren,Leydon,pleydon3x@disqus.com,Male
1114,Nelly,Martyns,nmartyns40@hibu.com,Female
1075,Giorgi,Morena,gmorena42@networkadvertising.org,Male
1051,Cybil,Burnage,cburnage43@census.gov,Female
1098,Debora,Gammel,dgammel47@ucoz.ru,Female
1137,Jocko,Jorg,jjorg49@booking.com,Male
1006,Bartlett,Rapi,brapi4a@reddit.com,Male
1192,Mair,Crinkley,mcrinkley4b@com.com,Female
1041,Camey,Danby,cdanby4c@biblegateway.com,Male
1027,Emera,Sygroves,esygroves4d@whitehouse.gov,Female
1088,Akim,Lowles,alowles4e@prnewswire.com,Male
1160,Hube,Macauley,hmacauley4g@google.com,Male
1101,Matty,Cerith,mcerith4h@zdnet.com,Female
1087,Bing,Rickesies,brickesies4i@liveinternet.ru,Male
1085,Minette,Berka,mberka4j@mozilla.com,Female
1090,Stuart,Greally,sgreally4l@reuters.com,Male
1166,Delly,Liggett,dliggett4m@shinystat.com,Female
1143,Jessee,Kinnon,jkinnon4o@admin.ch,Male
1190,Claribel,Fellows,cfellows4q@prnewswire.com,Female
1109,Josepha,Mumford,jmumford4s@nationalgeographic.com,Female
1073,Nike,Davisson,ndavisson4w@cocolog-nifty.com,Female
1163,Milka,Birtchnell,mbirtchnell4x@hhs.gov,Female
1015,Cathe,Alexander,calexander51@archive.org,Female
1043,Grazia,Nore,gnore56@blogspot.com,Female
1055,Noe,Tax,ntax5c@blogtalkradio.com,Male
1072,Velma,Goodwins,vgoodwins5e@theatlantic.com,Female
1132,Richardo,Andino,randino5h@netvibes.com,Male
1001,Erna,Koppke,ekoppke5i@microsoft.com,Female
1179,Travis,Newcome,tnewcome5s@netscape.com,Male
1112,Eden,Pim,epim5t@tumblr.com,Female
1091,Ilse,Jurges,ijurges5v@mapy.cz,Female
1158,Odie,Lagadu,olagadu5z@facebook.com,Male
1125,Oswell,Heater,oheater60@reuters.com,Male
1021,Diane-marie,Kelshaw,dkelshaw61@baidu.com,Female
1140,Deloria,Sabine,dsabine62@4shared.com,Female
1047,Nicolas,Dowley,ndowley63@discovery.com,Male
1167,Susanne,MacVanamy,smacvanamy66@epa.gov,Female
1082,Cinderella,Sutch,csutch68@salon.com,Female
1174,Orelle,Humpatch,ohumpatch6c@flickr.com,Female
1159,Noellyn,Duffie,nduffie6e@theguardian.com,Female
1113,Ronny,Emor,remor6f@wix.com,Male
1200,Lacy,Gentsch,lgentsch6g@tamu.edu,Female
1094,Josiah,Harmson,jharmson6h@abc.net.au,Male
1010,Jacklyn,Brach,jbrach6u@reuters.com,Female
1024,Deerdre,Boraston,dboraston6v@dropbox.com,Female
1104,Phaedra,Casebourne,pcasebourne6w@businessinsider.com,Female
1170,Sterling,Kuhle,skuhle70@yale.edu,Male
1148,Griz,Pimer,gpimer73@va.gov,Male
1002,Edward,Gasking,egasking76@epa.gov,Male
1099,Aldo,Alexis,aalexis78@noaa.gov,Male
1036,Bryant,Acott,bacott7o@tiny.cc,Male
1102,Allin,Works,aworks7p@geocities.jp,Male
1186,Elli,Garrard,egarrard7u@shinystat.com,Female
1189,Grantham,Barker,gbarker7v@narod.ru,Male
1199,Philippa,Beartup,pbeartup7z@microsoft.com,Female
1169,Joycelin,Lewington,jlewington82@sitemeter.com,Female
1037,Evonne,Fossord,efossord89@cnbc.com,Female
1129,Nanice,Gegay,ngegay8d@msu.edu,Female
1056,Dasie,Yarr,dyarr8l@goodreads.com,Female
1154,Clyde,Abilowitz,cabilowitz8o@wufoo.com,Male
1182,Shelden,Dotson,sdotson8t@vkontakte.ru,Male
1005,Xymenes,McDonand,xmcdonand8z@ehow.com,Male
1156,Papagena,Maryin,pmaryin98@wufoo.com,Female
1191,Quillan,Milella,qmilella9c@example.com,Male
1064,Cozmo,Starling,cstarling9d@vkontakte.ru,Male
1026,Ezechiel,Towner,etowner9t@dot.gov,Male
1157,Fabian,Thickens,fthickensa1@businesswire.com,Male
1052,Maury,Luca,mlucaar@cbsnews.com,Male
1110,Chickie,Holburn,cholburnat@histats.com,Female
1019,Ernesto,Jaulmes,ejaulmesb0@pbs.org,Male
1078,Kissiah,Kyberd,kkyberdb1@accuweather.com,Female
1017,Filippo,Divers,fdiversb8@shop-pro.jp,Male
1068,Nell,Kall,nkallbs@1688.com,Female
1134,Kirsten,Cancelier,kcancelierbx@cnet.com,Female
1162,Maribeth,Lune,mlunec0@lulu.com,Female
1173,Mirabel,Every,meveryc5@ucla.edu,Female
1153,Juana,Allon,jallonca@accuweather.com,Female
1121,Chrissie,Biner,cbinerch@etsy.com,Female
1149,Tedman,Aspinall,taspinallcx@howstuffworks.com,Male
1042,Grissel,Hargey,ghargeycz@mozilla.com,Female
1184,Beatrix,Mossdale,bmossdaledb@narod.ru,Female
1147,Marjory,Garwell,mgarwelldf@google.nl,Female
1133,Holly,Klemencic,hklemencicdh@marketwatch.com,Female
1180,Marlene,Fricker,mfrickerdi@businessinsider.com,Female
1032,Jakob,Cunniffe,jcunniffedy@163.com,Male
1188,Kathrine,Bidmead,kbidmeaden@ebay.com,Female
1161,Gale,Cowndley,gcowndleyfj@eepurl.com,Male
1009,Timoteo,Itzcovich,titzcovichfw@weather.com,Male
1181,Constance,Twentyman,ctwentymanfz@infoseek.co.jp,Female
1196,Albertine,Gromley,agromleyg0@scribd.com,Female
1025,Aggy,Sugars,asugarsg3@ocn.ne.jp,Female
1117,Hyacinthie,Thomton,hthomtong8@bing.com,Female
1095,Reinaldos,Hardy-Piggin,rhardypiggingk@yelp.com,Male
1105,Adelheid,Conybear,aconybearh2@google.fr,Female
1141,Olivier,Hindes,ohindesho@issuu.com,Male
1011,Jephthah,Pharoah,jpharoahjj@reuters.com,Male
1069,Ara,Placidi,aplacidiju@networkadvertising.org,Female
1176,Shelley,Loweth,slowethm3@ucsd.edu,Female
1028,Flemming,MacSkeaghan,fmacskeaghanme@bbb.org,Male
1172,Consolata,Biasetti,cbiasettiod@yellowpages.com,Female
