id,first_name,last_name,email,gender,likes,comments
1118,Mathian,Bute,mbute0@qq.com,Male,7645,4691
1195,Rowen,Forsard,rforsard1@usa.gov,Male,4910,9169
1038,Ichabod,Tomkys,itomkys2@amazon.co.jp,Male,6758,5824
1031,Cookie,MacFaul,cmacfaul3@discuz.net,Female,9910,5568
1127,Monroe,Lambell,mlambell4@meetup.com,Male,7906,5525
1053,Chuck,Deadman,cdeadman5@howstuffworks.com,Male,9229,6898
1023,Garrik,Mattingly,gmattingly6@baidu.com,Male,9988,6550
1061,Kelby,Organ,korgan7@independent.co.uk,Male,8864,6235
1171,Katha,Francescone,kfrancescone8@posterous.com,Female,8234,5438
1198,Maura,Moreing,mmoreing9@salon.com,Female,7906,9488
1029,Devin,Polland,dpollanda@adobe.com,Female,6944,8958
1060,Rikki,Coney,rconeyb@twitpic.com,Female,9660,7073
1057,Sidonnie,Frigout,sfrigoutc@plala.or.jp,Female,6502,9397
1008,Herb,Haxby,hhaxbyd@java.com,Male,8504,4704
1083,Cassandra,Halksworth,chalksworthe@usatoday.com,Female,5602,6971
1097,Shoshana,Dufall,sdufallf@nsw.gov.au,Female,4643,5799
1048,Ibbie,Leyborne,ileyborneg@gmpg.org,Female,7559,7283
1093,Christie,Vaan,cvaanh@vk.com,Female,8153,7950
1067,Tymothy,Figgs,tfiggsi@ow.ly,Male,8801,8719
1155,Ian,Dulake,idulakek@freewebs.com,Male,5881,7332
1183,Thatcher,Turley,tturleyl@usa.gov,Male,9391,8577
1004,Cari,Bond,cbondm@answers.com,Female,8062,7129
1178,Torrance,Pargeter,tpargetero@friendfeed.com,Male,8119,9106
1115,Juliane,Uvedale,juvedalep@accuweather.com,Female,7190,9125
1194,Lucine,O'Donnelly,lodonnellyq@xing.com,Female,6197,4693
1040,Bobinette,Doig,bdoigr@netlog.com,Female,9594,9240
1126,Vale,Huey,vhueys@edublogs.org,Male,6579,5968
1142,Curry,Prator,cpratort@hp.com,Male,6543,6663
1100,Arline,Gueny,aguenyu@walmart.com,Female,9713,5499
1003,Laurella,Francom,lfrancomv@reverbnation.com,Female,7604,6390
1197,Harrison,Spoure,hspourew@posterous.com,Male,9362,8312
1034,Isobel,Spottswood,ispottswoodx@gizmodo.com,Female,6614,7856
1074,Claresta,Maile,cmailey@cloudflare.com,Female,4685,8533
1146,Amandie,Lilly,alillyz@squidoo.com,Female,6381,8926
1045,Broderick,Deviney,bdeviney10@biblegateway.com,Male,6871,5576
1193,Ellis,Struijs,estruijs12@wikispaces.com,Male,6853,4736
1164,Denney,Bloxsome,dbloxsome14@edublogs.org,Male,8494,4727
1065,Sheeree,Petrichat,spetrichat17@gmpg.org,Female,6292,4642
1022,Lionel,Janaszkiewicz,ljanaszkiewicz1a@nsw.gov.au,Male,5307,7416
1168,Sauncho,Pilbury,spilbury1b@microsoft.com,Male,4839,9662
1130,Suzanna,MacGovern,smacgovern1c@wired.com,Female,9605,5890
1185,Geno,De Lacey,gdelacey1d@com.com,Male,5686,5589
1135,Ara,Drexel,adrexel1e@blogtalkradio.com,Female,8768,5402
1012,Giralda,Feyer,gfeyer1f@webmd.com,Female,5764,8723
1030,Shelton,Gennerich,sgennerich1h@goo.ne.jp,Male,7638,8850
1039,Johnnie,Branigan,jbranigan1j@github.io,Male,9933,5147
1007,Neilla,Scriven,nscriven1k@microsoft.com,Female,7107,9564
1066,Vanessa,Catcherside,vcatcherside1l@barnesandnoble.com,Female,8872,6827
1165,Carmella,Winfield,cwinfield1m@jiathis.com,Female,7277,5071
1049,Trenna,Parzis,tparzis1n@blogger.com,Female,7595,7404
1151,Ezmeralda,Pentycost,epentycost1r@deviantart.com,Female,6022,6309
1177,Mayer,Pottiphar,mpottiphar1s@amazonaws.com,Male,7867,7896
1014,Becky,Innot,binnot1t@time.com,Female,5379,8269
1070,Perle,Hardistry,phardistry1u@mayoclinic.com,Female,4958,5321
1081,Munroe,Clipson,mclipson1w@narod.ru,Male,9644,9544
1175,Arnoldo,Girdlestone,agirdlestone1x@tumblr.com,Male,5887,5427
1013,Cornell,Sager,csager1y@goo.ne.jp,Male,9744,9106
1124,Trev,Dumbare,tdumbare1z@mtv.com,Male,4922,5734
1077,Venita,Lavarack,vlavarack22@cdc.gov,Female,9673,9619
1152,Demetra,Philipeau,dphilipeau23@yahoo.com,Female,7304,6945
1096,Cassandre,Frigout,cfrigout25@blogspot.com,Female,6496,6296
1145,Michal,Smeaton,msmeaton26@barnesandnoble.com,Male,6079,7193
1035,Pietrek,Machen,pmachen27@sbwire.com,Male,7122,9742
1050,Karalee,Windham,kwindham28@bizjournals.com,Female,4773,7423
1044,Myrtie,McGenis,mmcgenis29@tripod.com,Female,9228,7877
1086,Sanderson,Nystrom,snystrom2a@people.com.cn,Male,6406,7494
1138,Renae,Inkles,rinkles2b@facebook.com,Female,6525,4918
1106,Amaleta,Brumble,abrumble2c@prnewswire.com,Female,7849,6872
1089,Catina,Eymer,ceymer2d@yandex.ru,Female,9795,7782
1187,Wye,Ucceli,wucceli2e@cbsnews.com,Male,7914,8478
1046,Gran,Greenman,ggreenman2f@wikimedia.org,Male,5504,8669
1020,Gisella,Ondrich,gondrich2g@ovh.net,Female,7946,8507
1150,Lemmy,Abele,labele2h@walmart.com,Male,6046,7469
1128,Ransell,Wilce,rwilce2k@economist.com,Male,9700,5138
1107,Parsifal,Cohrs,pcohrs2l@google.ca,Male,9457,8863
1116,Yule,Colleford,ycolleford2n@sourceforge.net,Male,5552,7127
1079,Britte,Revie,brevie2p@yelp.com,Female,7296,4704
1059,Micky,Milsom,mmilsom2q@4shared.com,Female,5577,7150
1062,Emeline,Chipperfield,echipperfield2s@dropbox.com,Female,5968,8024
1016,Hercule,Jurs,hjurs2u@cnbc.com,Male,5033,7952
1092,Sybille,McCurlye,smccurlye2w@businesswire.com,Female,6308,8763
1122,Bernadine,Garoghan,bgaroghan2x@clickbank.net,Female,5438,6460
1144,Sella,Witcherley,switcherley2y@macromedia.com,Female,6999,9200
1103,Johnny,Mathey,jmathey30@weibo.com,Male,5140,7286
1123,Jonas,Nolot,jnolot31@deliciousdays.com,Male,4661,6192
1131,Fritz,Casino,fcasino32@g.co,Male,8729,9630
1033,Benjamin,Lubman,blubman34@psu.edu,Male,7544,9325
1054,Mel,Gegg,mgegg3b@globo.com,Female,5372,6215
1111,Cesar,Gainsburgh,cgainsburgh3d@foxnews.com,Male,8001,6394
1076,Brander,Kedge,bkedge3e@wisc.edu,Male,7030,6102
1080,Hart,Sadlier,hsadlier3h@youtu.be,Male,8662,6353
1018,Lothario,Barstowk,lbarstowk3j@google.com.hk,Male,5680,4762
1139,Analise,Prayer,aprayer3k@cnet.com,Female,7686,7389
1136,Ches,Pawlik,cpawlik3n@reference.com,Male,7969,5155
1120,Kessia,Paireman,kpaireman3o@furl.net,Female,8189,8570
1108,Murdock,Sneezem,msneezem3s@blog.com,Male,4892,6072
1119,Pren,Leydon,pleydon3x@disqus.com,Male,5225,7898
1114,Nelly,Martyns,nmartyns40@hibu.com,Female,7000,9108
1075,Giorgi,Morena,gmorena42@networkadvertising.org,Male,8132,6712
1051,Cybil,Burnage,cburnage43@census.gov,Female,5226,9210
1098,Debora,Gammel,dgammel47@ucoz.ru,Female,9677,5433
1137,Jocko,Jorg,jjorg49@booking.com,Male,7926,7793
1006,Bartlett,Rapi,brapi4a@reddit.com,Male,8779,9108
1192,Mair,Crinkley,mcrinkley4b@com.com,Female,8855,8531
1041,Camey,Danby,cdanby4c@biblegateway.com,Male,7160,8169
1027,Emera,Sygroves,esygroves4d@whitehouse.gov,Female,5667,5452
1088,Akim,Lowles,alowles4e@prnewswire.com,Male,6420,5764
1160,Hube,Macauley,hmacauley4g@google.com,Male,6816,4724
1101,Matty,Cerith,mcerith4h@zdnet.com,Female,7423,7347
1087,Bing,Rickesies,brickesies4i@liveinternet.ru,Male,9631,6488
1085,Minette,Berka,mberka4j@mozilla.com,Female,8277,8386
1090,Stuart,Greally,sgreally4l@reuters.com,Male,9873,7125
1166,Delly,Liggett,dliggett4m@shinystat.com,Female,5830,6132
1143,Jessee,Kinnon,jkinnon4o@admin.ch,Male,8489,6713
1190,Claribel,Fellows,cfellows4q@prnewswire.com,Female,8092,9637
1109,Josepha,Mumford,jmumford4s@nationalgeographic.com,Female,6716,7687
1073,Nike,Davisson,ndavisson4w@cocolog-nifty.com,Female,6769,5481
1163,Milka,Birtchnell,mbirtchnell4x@hhs.gov,Female,6046,9823
1015,Cathe,Alexander,calexander51@archive.org,Female,9549,8700
1043,Grazia,Nore,gnore56@blogspot.com,Female,8014,9988
1055,Noe,Tax,ntax5c@blogtalkradio.com,Male,6420,8525
1072,Velma,Goodwins,vgoodwins5e@theatlantic.com,Female,9949,9041
1132,Richardo,Andino,randino5h@netvibes.com,Male,8919,8554
1001,Erna,Koppke,ekoppke5i@microsoft.com,Female,5986,9265
1179,Travis,Newcome,tnewcome5s@netscape.com,Male,8753,6622
1112,Eden,Pim,epim5t@tumblr.com,Female,4632,5629
1091,Ilse,Jurges,ijurges5v@mapy.cz,Female,6646,6159
1158,Odie,Lagadu,olagadu5z@facebook.com,Male,6576,8913
1125,Oswell,Heater,oheater60@reuters.com,Male,8613,9035
1021,Diane-marie,Kelshaw,dkelshaw61@baidu.com,Female,7285,9316
1140,Deloria,Sabine,dsabine62@4shared.com,Female,9547,7025
1047,Nicolas,Dowley,ndowley63@discovery.com,Male,5530,9963
1167,Susanne,MacVanamy,smacvanamy66@epa.gov,Female,9071,5752
1082,Cinderella,Sutch,csutch68@salon.com,Female,8632,7603
1174,Orelle,Humpatch,ohumpatch6c@flickr.com,Female,9293,5675
1159,Noellyn,Duffie,nduffie6e@theguardian.com,Female,6397,8222
1113,Ronny,Emor,remor6f@wix.com,Male,9706,5821
1200,Lacy,Gentsch,lgentsch6g@tamu.edu,Female,6585,9612
1094,Josiah,Harmson,jharmson6h@abc.net.au,Male,5635,6402
1010,Jacklyn,Brach,jbrach6u@reuters.com,Female,8450,8447
1024,Deerdre,Boraston,dboraston6v@dropbox.com,Female,5101,7540
1104,Phaedra,Casebourne,pcasebourne6w@businessinsider.com,Female,9784,7320
1170,Sterling,Kuhle,skuhle70@yale.edu,Male,4932,8575
1148,Griz,Pimer,gpimer73@va.gov,Male,5489,8210
1002,Edward,Gasking,egasking76@epa.gov,Male,5174,7203
1099,Aldo,Alexis,aalexis78@noaa.gov,Male,5726,6559
1036,Bryant,Acott,bacott7o@tiny.cc,Male,7349,7322
1102,Allin,Works,aworks7p@geocities.jp,Male,4925,7743
1186,Elli,Garrard,egarrard7u@shinystat.com,Female,9513,9150
1189,Grantham,Barker,gbarker7v@narod.ru,Male,7270,8019
1199,Philippa,Beartup,pbeartup7z@microsoft.com,Female,7528,9367
1169,Joycelin,Lewington,jlewington82@sitemeter.com,Female,9920,8925
1037,Evonne,Fossord,efossord89@cnbc.com,Female,9847,8870
1129,Nanice,Gegay,ngegay8d@msu.edu,Female,9250,8562
1056,Dasie,Yarr,dyarr8l@goodreads.com,Female,5428,9601
1154,Clyde,Abilowitz,cabilowitz8o@wufoo.com,Male,5811,7096
1182,Shelden,Dotson,sdotson8t@vkontakte.ru,Male,5699,5100
1005,Xymenes,McDonand,xmcdonand8z@ehow.com,Male,9707,6577
1156,Papagena,Maryin,pmaryin98@wufoo.com,Female,4663,5713
1191,Quillan,Milella,qmilella9c@example.com,Male,9671,8422
1064,Cozmo,Starling,cstarling9d@vkontakte.ru,Male,9348,6959
1026,Ezechiel,Towner,etowner9t@dot.gov,Male,6680,7485
1157,Fabian,Thickens,fthickensa1@businesswire.com,Male,5675,9882
1052,Maury,Luca,mlucaar@cbsnews.com,Male,6960,5754
1110,Chickie,Holburn,cholburnat@histats.com,Female,5343,6464
1019,Ernesto,Jaulmes,ejaulmesb0@pbs.org,Male,9471,7046
1078,Kissiah,Kyberd,kkyberdb1@accuweather.com,Female,4935,6289
1017,Filippo,Divers,fdiversb8@shop-pro.jp,Male,7650,4655
1068,Nell,Kall,nkallbs@1688.com,Female,7620,5615
1134,Kirsten,Cancelier,kcancelierbx@cnet.com,Female,8978,5496
1162,Maribeth,Lune,mlunec0@lulu.com,Female,6576,9975
1173,Mirabel,Every,meveryc5@ucla.edu,Female,6028,7885
1153,Juana,Allon,jallonca@accuweather.com,Female,4907,8458
1121,Chrissie,Biner,cbinerch@etsy.com,Female,5975,8091
1149,Tedman,Aspinall,taspinallcx@howstuffworks.com,Male,9802,5979
1042,Grissel,Hargey,ghargeycz@mozilla.com,Female,6146,7279
1184,Beatrix,Mossdale,bmossdaledb@narod.ru,Female,5609,8762
1147,Marjory,Garwell,mgarwelldf@google.nl,Female,9840,8915
1133,Holly,Klemencic,hklemencicdh@marketwatch.com,Female,9025,7017
1180,Marlene,Fricker,mfrickerdi@businessinsider.com,Female,8113,9447
1032,Jakob,Cunniffe,jcunniffedy@163.com,Male,9880,7483
1188,Kathrine,Bidmead,kbidmeaden@ebay.com,Female,8752,5482
1161,Gale,Cowndley,gcowndleyfj@eepurl.com,Male,4750,4954
1009,Timoteo,Itzcovich,titzcovichfw@weather.com,Male,6976,6899
1181,Constance,Twentyman,ctwentymanfz@infoseek.co.jp,Female,9393,9478
1196,Albertine,Gromley,agromleyg0@scribd.com,Female,8106,7935
1025,Aggy,Sugars,asugarsg3@ocn.ne.jp,Female,9085,6610
1117,Hyacinthie,Thomton,hthomtong8@bing.com,Female,4899,5789
1095,Reinaldos,Hardy-Piggin,rhardypiggingk@yelp.com,Male,7899,9322
1105,Adelheid,Conybear,aconybearh2@google.fr,Female,6581,7074
1141,Olivier,Hindes,ohindesho@issuu.com,Male,9563,5623
1011,Jephthah,Pharoah,jpharoahjj@reuters.com,Male,9832,9533
1069,Ara,Placidi,aplacidiju@networkadvertising.org,Female,8786,7420
1176,Shelley,Loweth,slowethm3@ucsd.edu,Female,5762,8112
1028,Flemming,MacSkeaghan,fmacskeaghanme@bbb.org,Male,4910,5417
1172,Consolata,Biasetti,cbiasettiod@yellowpages.com,Female,4669,8462
